id;uri;data;dataHoraRegistro;siglaOrgao;uriOrgao;uriEvento;proposicaoObjeto;uriProposicaoObjeto;descricao;aprovacao
589690-57;https://dadosabertos.camara.leg.br/api/v2/votacoes/589690-57;2020-02-19;2020-02-19T13:40:03;PLEN;https://dadosabertos.camara.leg.br/api/v2/orgaos/180;https://dadosabertos.camara.leg.br/api/v2/eventos/59344;;;Aprovada a Redação Final assinada pela Relatora, Dep. Marina Santos (SOLIDARIEDADE-PI).;1.0
589690-54;https://dadosabertos.camara.leg.br/api/v2/votacoes/589690-54;2020-02-19;2020-02-19T13:37:40;PLEN;https://dadosabertos.camara.leg.br/api/v2/orgaos/180;https://dadosabertos.camara.leg.br/api/v2/eventos/59344;;;Aprovado o Substitutivo ao Projeto de Lei 6.215, de 2013, adotado pela Relatora da Comissão de Constituição e Justiça e de Cidadania.;1.0
2128847-95;https://dadosabertos.camara.leg.br/api/v2/votacoes/2128847-95;2020-02-19;2020-02-19T12:57:32;PLEN;https://dadosabertos.camara.leg.br/api/v2/orgaos/180;https://dadosabertos.camara.leg.br/api/v2/eventos/59344;;;Aprovado o Projeto de Lei nº 7.354, de 2017.;1.0
2237668-2;https://dadosabertos.camara.leg.br/api/v2/votacoes/2237668-2;2020-02-18;2020-02-18T21:17:43;CEXVENEZ;https://dadosabertos.camara.leg.br/api/v2/orgaos/538474;https://dadosabertos.camara.leg.br/api/v2/eventos/59312;REQ 6/2020 CEXVENEZ;https://dadosabertos.camara.leg.br/api/v2/proposicoes/2237668;Aprovado.;1.0
2237667-2;https://dadosabertos.camara.leg.br/api/v2/votacoes/2237667-2;2020-02-18;2020-02-18T21:17:43;CEXVENEZ;https://dadosabertos.camara.leg.br/api/v2/orgaos/538474;https://dadosabertos.camara.leg.br/api/v2/eventos/59312;REQ 5/2020 CEXVENEZ;https://dadosabertos.camara.leg.br/api/v2/proposicoes/2237667;Aprovado.;1.0
2237666-2;https://dadosabertos.camara.leg.br/api/v2/votacoes/2237666-2;2020-02-18;2020-02-18T21:17:43;CEXVENEZ;https://dadosabertos.camara.leg.br/api/v2/orgaos/538474;https://dadosabertos.camara.leg.br/api/v2/eventos/59312;REQ 4/2020 CEXVENEZ;https://dadosabertos.camara.leg.br/api/v2/proposicoes/2237666;Aprovado.;1.0
2237665-2;https://dadosabertos.camara.leg.br/api/v2/votacoes/2237665-2;2020-02-18;2020-02-18T21:17:43;CEXVENEZ;https://dadosabertos.camara.leg.br/api/v2/orgaos/538474;https://dadosabertos.camara.leg.br/api/v2/eventos/59312;REQ 3/2020 CEXVENEZ;https://dadosabertos.camara.leg.br/api/v2/proposicoes/2237665;Aprovado.;1.0
2237664-2;https://dadosabertos.camara.leg.br/api/v2/votacoes/2237664-2;2020-02-18;2020-02-18T21:17:43;CEXVENEZ;https://dadosabertos.camara.leg.br/api/v2/orgaos/538474;https://dadosabertos.camara.leg.br/api/v2/eventos/59312;REQ 2/2020 CEXVENEZ;https://dadosabertos.camara.leg.br/api/v2/proposicoes/2237664;Aprovado.;1.0
2237663-2;https://dadosabertos.camara.leg.br/api/v2/votacoes/2237663-2;2020-02-18;2020-02-18T21:17:43;CEXVENEZ;https://dadosabertos.camara.leg.br/api/v2/orgaos/538474;https://dadosabertos.camara.leg.br/api/v2/eventos/59312;REQ 1/2020 CEXVENEZ;https://dadosabertos.camara.leg.br/api/v2/proposicoes/2237663;Aprovado.;1.0
2222884-108;https://dadosabertos.camara.leg.br/api/v2/votacoes/2222884-108;2020-02-18;2020-02-18T21:04:44;PLEN;https://dadosabertos.camara.leg.br/api/v2/orgaos/180;https://dadosabertos.camara.leg.br/api/v2/eventos/59338;;;Aprovada a Redação Final assinada pelo Relator, Dep. Pedro Lupion (DEM-PR).;1.0
2222884-106;https://dadosabertos.camara.leg.br/api/v2/votacoes/2222884-106;2020-02-18;2020-02-18T21:03:42;PLEN;https://dadosabertos.camara.leg.br/api/v2/orgaos/180;https://dadosabertos.camara.leg.br/api/v2/eventos/59338;;;Aprovadas as Emendas de Redação de nºs 1 a 3.;1.0
2222884-104;https://dadosabertos.camara.leg.br/api/v2/votacoes/2222884-104;2020-02-18;2020-02-18T21:02:54;PLEN;https://dadosabertos.camara.leg.br/api/v2/orgaos/180;https://dadosabertos.camara.leg.br/api/v2/eventos/59338;;;"Mantido o texto. Sim: 303; não: 98;  total: 401.";
2222884-100;https://dadosabertos.camara.leg.br/api/v2/votacoes/2222884-100;2020-02-18;2020-02-18T20:12:11;PLEN;https://dadosabertos.camara.leg.br/api/v2/orgaos/180;https://dadosabertos.camara.leg.br/api/v2/eventos/59338;;;Mantido o texto.;
2222884-98;https://dadosabertos.camara.leg.br/api/v2/votacoes/2222884-98;2020-02-18;2020-02-18T19:57:26;PLEN;https://dadosabertos.camara.leg.br/api/v2/orgaos/180;https://dadosabertos.camara.leg.br/api/v2/eventos/59338;;;"Rejeitado o Requerimento. Sim: 3; não: 334; total: 337.";0.0
2237625-2;https://dadosabertos.camara.leg.br/api/v2/votacoes/2237625-2;2020-02-18;2020-02-18T19:33:06;CEXCORVI;https://dadosabertos.camara.leg.br/api/v2/orgaos/538779;https://dadosabertos.camara.leg.br/api/v2/eventos/59304;REQ 7/2020 CEXCORVI;https://dadosabertos.camara.leg.br/api/v2/proposicoes/2237625;Aprovado;1.0
2237624-2;https://dadosabertos.camara.leg.br/api/v2/votacoes/2237624-2;2020-02-18;2020-02-18T19:33:06;CEXCORVI;https://dadosabertos.camara.leg.br/api/v2/orgaos/538779;https://dadosabertos.camara.leg.br/api/v2/eventos/59304;REQ 6/2020 CEXCORVI;https://dadosabertos.camara.leg.br/api/v2/proposicoes/2237624;Aprovado;1.0
2237623-2;https://dadosabertos.camara.leg.br/api/v2/votacoes/2237623-2;2020-02-18;2020-02-18T19:33:05;CEXCORVI;https://dadosabertos.camara.leg.br/api/v2/orgaos/538779;https://dadosabertos.camara.leg.br/api/v2/eventos/59304;REQ 5/2020 CEXCORVI;https://dadosabertos.camara.leg.br/api/v2/proposicoes/2237623;Aprovado;1.0
2237354-2;https://dadosabertos.camara.leg.br/api/v2/votacoes/2237354-2;2020-02-18;2020-02-18T19:33:05;CEXCORVI;https://dadosabertos.camara.leg.br/api/v2/orgaos/538779;https://dadosabertos.camara.leg.br/api/v2/eventos/59304;REQ 4/2020 CEXCORVI;https://dadosabertos.camara.leg.br/api/v2/proposicoes/2237354;Aprovado;1.0
2237330-2;https://dadosabertos.camara.leg.br/api/v2/votacoes/2237330-2;2020-02-18;2020-02-18T19:33:05;CEXCORVI;https://dadosabertos.camara.leg.br/api/v2/orgaos/538779;https://dadosabertos.camara.leg.br/api/v2/eventos/59304;REQ 3/2020 CEXCORVI;https://dadosabertos.camara.leg.br/api/v2/proposicoes/2237330;Aprovado;1.0
2237329-2;https://dadosabertos.camara.leg.br/api/v2/votacoes/2237329-2;2020-02-18;2020-02-18T19:33:05;CEXCORVI;https://dadosabertos.camara.leg.br/api/v2/orgaos/538779;https://dadosabertos.camara.leg.br/api/v2/eventos/59304;REQ 2/2020 CEXCORVI;https://dadosabertos.camara.leg.br/api/v2/proposicoes/2237329;Aprovado;1.0
2237328-2;https://dadosabertos.camara.leg.br/api/v2/votacoes/2237328-2;2020-02-18;2020-02-18T19:33:05;CEXCORVI;https://dadosabertos.camara.leg.br/api/v2/orgaos/538779;https://dadosabertos.camara.leg.br/api/v2/eventos/59304;REQ 1/2020 CEXCORVI;https://dadosabertos.camara.leg.br/api/v2/proposicoes/2237328;Aprovado;1.0
2236565-2;https://dadosabertos.camara.leg.br/api/v2/votacoes/2236565-2;2020-02-18;2020-02-18T19:04:15;CEXBRES;https://dadosabertos.camara.leg.br/api/v2/orgaos/538360;https://dadosabertos.camara.leg.br/api/v2/eventos/59336;REQ 1/2020 CEXBRES;https://dadosabertos.camara.leg.br/api/v2/proposicoes/2236565;Aprovado;1.0
2222884-90;https://dadosabertos.camara.leg.br/api/v2/votacoes/2222884-90;2020-02-18;2020-02-18T18:29:22;PLEN;https://dadosabertos.camara.leg.br/api/v2/orgaos/180;https://dadosabertos.camara.leg.br/api/v2/eventos/59331;;;Mantido o texto.;
2222884-88;https://dadosabertos.camara.leg.br/api/v2/votacoes/2222884-88;2020-02-18;2020-02-18T18:17:37;PLEN;https://dadosabertos.camara.leg.br/api/v2/orgaos/180;https://dadosabertos.camara.leg.br/api/v2/eventos/59331;;;"Aprovada a Emenda nº 78. Sim: 259; não: 27;  total: 286.";1.0
2222884-86;https://dadosabertos.camara.leg.br/api/v2/votacoes/2222884-86;2020-02-18;2020-02-18T18:10:39;PLEN;https://dadosabertos.camara.leg.br/api/v2/orgaos/180;https://dadosabertos.camara.leg.br/api/v2/eventos/59331;;;"Suprimido o texto. Sim: 20; não: 243; abstenção: 1; total: 264.";
2222884-83;https://dadosabertos.camara.leg.br/api/v2/votacoes/2222884-83;2020-02-18;2020-02-18T17:52:13;PLEN;https://dadosabertos.camara.leg.br/api/v2/orgaos/180;https://dadosabertos.camara.leg.br/api/v2/eventos/59331;;;"Mantido o texto. Sim: 256; não: 15; abstenção: 1; total: 272.";
2222884-80;https://dadosabertos.camara.leg.br/api/v2/votacoes/2222884-80;2020-02-18;2020-02-18T17:37:28;PLEN;https://dadosabertos.camara.leg.br/api/v2/orgaos/180;https://dadosabertos.camara.leg.br/api/v2/eventos/59331;;;"Suprimido o texto. Sim: 29; não: 288; abstenção: 2; total: 319.";
2222884-77;https://dadosabertos.camara.leg.br/api/v2/votacoes/2222884-77;2020-02-18;2020-02-18T17:07:16;PLEN;https://dadosabertos.camara.leg.br/api/v2/orgaos/180;https://dadosabertos.camara.leg.br/api/v2/eventos/59331;;;"Rejeitado o Requerimento. Sim: 4; não: 292; total: 296.";0.0
2237614-2;https://dadosabertos.camara.leg.br/api/v2/votacoes/2237614-2;2020-02-18;2020-02-18T15:56:46;PL607219;https://dadosabertos.camara.leg.br/api/v2/orgaos/538737;https://dadosabertos.camara.leg.br/api/v2/eventos/59322;REQ 18/2020 PL607219;https://dadosabertos.camara.leg.br/api/v2/proposicoes/2237614;Aprovado com a inclusão da convidada Maria Helena Lavinas de Morais.;1.0
2237613-2;https://dadosabertos.camara.leg.br/api/v2/votacoes/2237613-2;2020-02-18;2020-02-18T15:55:17;PL607219;https://dadosabertos.camara.leg.br/api/v2/orgaos/538737;https://dadosabertos.camara.leg.br/api/v2/eventos/59322;REQ 17/2020 PL607219;https://dadosabertos.camara.leg.br/api/v2/proposicoes/2237613;Aprovado;1.0
2237608-2;https://dadosabertos.camara.leg.br/api/v2/votacoes/2237608-2;2020-02-18;2020-02-18T15:55:08;PL607219;https://dadosabertos.camara.leg.br/api/v2/orgaos/538737;https://dadosabertos.camara.leg.br/api/v2/eventos/59322;REQ 16/2020 PL607219;https://dadosabertos.camara.leg.br/api/v2/proposicoes/2237608;Aprovado, com a subscrição da Deputada Perpétua Almeida.;1.0
2237148-2;https://dadosabertos.camara.leg.br/api/v2/votacoes/2237148-2;2020-02-18;2020-02-18T15:55:00;PL607219;https://dadosabertos.camara.leg.br/api/v2/orgaos/538737;https://dadosabertos.camara.leg.br/api/v2/eventos/59322;REQ 15/2020 PL607219;https://dadosabertos.camara.leg.br/api/v2/proposicoes/2237148;Aprovado;1.0
2236988-2;https://dadosabertos.camara.leg.br/api/v2/votacoes/2236988-2;2020-02-18;2020-02-18T15:54:55;PL607219;https://dadosabertos.camara.leg.br/api/v2/orgaos/538737;https://dadosabertos.camara.leg.br/api/v2/eventos/59322;REQ 14/2020 PL607219;https://dadosabertos.camara.leg.br/api/v2/proposicoes/2236988;Aprovado;1.0
2236834-2;https://dadosabertos.camara.leg.br/api/v2/votacoes/2236834-2;2020-02-18;2020-02-18T15:54:48;PL607219;https://dadosabertos.camara.leg.br/api/v2/orgaos/538737;https://dadosabertos.camara.leg.br/api/v2/eventos/59322;REQ 13/2020 PL607219;https://dadosabertos.camara.leg.br/api/v2/proposicoes/2236834;Aprovado;1.0
2236833-2;https://dadosabertos.camara.leg.br/api/v2/votacoes/2236833-2;2020-02-18;2020-02-18T15:54:41;PL607219;https://dadosabertos.camara.leg.br/api/v2/orgaos/538737;https://dadosabertos.camara.leg.br/api/v2/eventos/59322;REQ 12/2020 PL607219;https://dadosabertos.camara.leg.br/api/v2/proposicoes/2236833;Aprovado;1.0
2236832-2;https://dadosabertos.camara.leg.br/api/v2/votacoes/2236832-2;2020-02-18;2020-02-18T15:54:34;PL607219;https://dadosabertos.camara.leg.br/api/v2/orgaos/538737;https://dadosabertos.camara.leg.br/api/v2/eventos/59322;REQ 11/2020 PL607219;https://dadosabertos.camara.leg.br/api/v2/proposicoes/2236832;Aprovado;1.0
2236830-2;https://dadosabertos.camara.leg.br/api/v2/votacoes/2236830-2;2020-02-18;2020-02-18T15:54:30;PL607219;https://dadosabertos.camara.leg.br/api/v2/orgaos/538737;https://dadosabertos.camara.leg.br/api/v2/eventos/59322;REQ 10/2020 PL607219;https://dadosabertos.camara.leg.br/api/v2/proposicoes/2236830;Aprovado;1.0
2236829-2;https://dadosabertos.camara.leg.br/api/v2/votacoes/2236829-2;2020-02-18;2020-02-18T15:54:20;PL607219;https://dadosabertos.camara.leg.br/api/v2/orgaos/538737;https://dadosabertos.camara.leg.br/api/v2/eventos/59322;REQ 9/2020 PL607219;https://dadosabertos.camara.leg.br/api/v2/proposicoes/2236829;Aprovado;1.0
2236828-2;https://dadosabertos.camara.leg.br/api/v2/votacoes/2236828-2;2020-02-18;2020-02-18T15:54:14;PL607219;https://dadosabertos.camara.leg.br/api/v2/orgaos/538737;https://dadosabertos.camara.leg.br/api/v2/eventos/59322;REQ 8/2020 PL607219;https://dadosabertos.camara.leg.br/api/v2/proposicoes/2236828;Aprovado;1.0
2236827-2;https://dadosabertos.camara.leg.br/api/v2/votacoes/2236827-2;2020-02-18;2020-02-18T15:54:08;PL607219;https://dadosabertos.camara.leg.br/api/v2/orgaos/538737;https://dadosabertos.camara.leg.br/api/v2/eventos/59322;REQ 7/2020 PL607219;https://dadosabertos.camara.leg.br/api/v2/proposicoes/2236827;Aprovado;1.0
2236826-2;https://dadosabertos.camara.leg.br/api/v2/votacoes/2236826-2;2020-02-18;2020-02-18T15:54:00;PL607219;https://dadosabertos.camara.leg.br/api/v2/orgaos/538737;https://dadosabertos.camara.leg.br/api/v2/eventos/59322;REQ 6/2020 PL607219;https://dadosabertos.camara.leg.br/api/v2/proposicoes/2236826;Aprovado;1.0
2236825-2;https://dadosabertos.camara.leg.br/api/v2/votacoes/2236825-2;2020-02-18;2020-02-18T15:53:49;PL607219;https://dadosabertos.camara.leg.br/api/v2/orgaos/538737;https://dadosabertos.camara.leg.br/api/v2/eventos/59322;REQ 5/2020 PL607219;https://dadosabertos.camara.leg.br/api/v2/proposicoes/2236825;Aprovado;1.0
2236824-2;https://dadosabertos.camara.leg.br/api/v2/votacoes/2236824-2;2020-02-18;2020-02-18T15:53:43;PL607219;https://dadosabertos.camara.leg.br/api/v2/orgaos/538737;https://dadosabertos.camara.leg.br/api/v2/eventos/59322;REQ 4/2020 PL607219;https://dadosabertos.camara.leg.br/api/v2/proposicoes/2236824;Aprovado;1.0
2236357-2;https://dadosabertos.camara.leg.br/api/v2/votacoes/2236357-2;2020-02-18;2020-02-18T15:53:30;PL607219;https://dadosabertos.camara.leg.br/api/v2/orgaos/538737;https://dadosabertos.camara.leg.br/api/v2/eventos/59322;REQ 1/2020 PL607219;https://dadosabertos.camara.leg.br/api/v2/proposicoes/2236357;Aprovado;1.0
2236359-2;https://dadosabertos.camara.leg.br/api/v2/votacoes/2236359-2;2020-02-18;2020-02-18T15:53:22;PL607219;https://dadosabertos.camara.leg.br/api/v2/orgaos/538737;https://dadosabertos.camara.leg.br/api/v2/eventos/59322;REQ 2/2020 PL607219;https://dadosabertos.camara.leg.br/api/v2/proposicoes/2236359;Aprovado;1.0
2235937-2;https://dadosabertos.camara.leg.br/api/v2/votacoes/2235937-2;2020-02-18;2020-02-18T15:53:13;PL607219;https://dadosabertos.camara.leg.br/api/v2/orgaos/538737;https://dadosabertos.camara.leg.br/api/v2/eventos/59322;REQ 1/2019 PL607219;https://dadosabertos.camara.leg.br/api/v2/proposicoes/2235937;Aprovado;1.0
2234669-3;https://dadosabertos.camara.leg.br/api/v2/votacoes/2234669-3;2020-02-18;2020-02-18T15:28:01;PL039915;https://dadosabertos.camara.leg.br/api/v2/orgaos/538408;https://dadosabertos.camara.leg.br/api/v2/eventos/59327;REQ 56/2019 PL039915;https://dadosabertos.camara.leg.br/api/v2/proposicoes/2234669;Aprovado;1.0
2237662-2;https://dadosabertos.camara.leg.br/api/v2/votacoes/2237662-2;2020-02-18;2020-02-18T15:27:45;PL039915;https://dadosabertos.camara.leg.br/api/v2/orgaos/538408;https://dadosabertos.camara.leg.br/api/v2/eventos/59327;REQ 2/2020 PL039915;https://dadosabertos.camara.leg.br/api/v2/proposicoes/2237662;Aprovado;1.0
2236950-3;https://dadosabertos.camara.leg.br/api/v2/votacoes/2236950-3;2020-02-18;2020-02-18T15:27:30;PEC19919;https://dadosabertos.camara.leg.br/api/v2/orgaos/538736;https://dadosabertos.camara.leg.br/api/v2/eventos/59266;REQ 6/2020 PEC19919;https://dadosabertos.camara.leg.br/api/v2/proposicoes/2236950;Aprovado, com a inclusão, como convidados, da Presidente da Associação dos Magistrados Brasileiros - AMB, Renata Gil de Alcantara Videira, e do Procurador-Geral da Fazenda Nacional, José Levi Mello do Amaral Júnior.;1.0
2229938-82;https://dadosabertos.camara.leg.br/api/v2/votacoes/2229938-82;2020-02-18;2020-02-18T15:27:30;PEC19919;https://dadosabertos.camara.leg.br/api/v2/orgaos/538736;;;;Aprovado requerimento n. 5/2020 do Sr. Hildo Rocha que requer a realização de Audiência Pública para debater a PEC 199/19 na Comissão Especial da PEC 199/19 - Prisão em 2ª Instância com a convidada Dra. Luiza Cristina Fonseca Frischeisen, Subprocuradora-Geral da República e Coordenadora da 2ª CCR - Criminal do Ministério Público Federal.;1.0
2236934-3;https://dadosabertos.camara.leg.br/api/v2/votacoes/2236934-3;2020-02-18;2020-02-18T15:27:28;PEC19919;https://dadosabertos.camara.leg.br/api/v2/orgaos/538736;https://dadosabertos.camara.leg.br/api/v2/eventos/59266;REQ 5/2020 PEC19919;https://dadosabertos.camara.leg.br/api/v2/proposicoes/2236934;Aprovado;1.0
2236762-3;https://dadosabertos.camara.leg.br/api/v2/votacoes/2236762-3;2020-02-18;2020-02-18T15:24:29;PL039915;https://dadosabertos.camara.leg.br/api/v2/orgaos/538408;https://dadosabertos.camara.leg.br/api/v2/eventos/59327;REQ 1/2020 PL039915;https://dadosabertos.camara.leg.br/api/v2/proposicoes/2236762;Aprovado;1.0
2233088-3;https://dadosabertos.camara.leg.br/api/v2/votacoes/2233088-3;2020-02-18;2020-02-18T15:24:05;PL039915;https://dadosabertos.camara.leg.br/api/v2/orgaos/538408;https://dadosabertos.camara.leg.br/api/v2/eventos/59327;REQ 55/2019 PL039915;https://dadosabertos.camara.leg.br/api/v2/proposicoes/2233088;Aprovado;1.0
2237620-2;https://dadosabertos.camara.leg.br/api/v2/votacoes/2237620-2;2020-02-18;2020-02-18T14:50:33;PLP14619;https://dadosabertos.camara.leg.br/api/v2/orgaos/538627;https://dadosabertos.camara.leg.br/api/v2/eventos/59320;REQ 4/2020 PLP14619;https://dadosabertos.camara.leg.br/api/v2/proposicoes/2237620;Aprovado;1.0
2237616-2;https://dadosabertos.camara.leg.br/api/v2/votacoes/2237616-2;2020-02-18;2020-02-18T14:50:26;PLP14619;https://dadosabertos.camara.leg.br/api/v2/orgaos/538627;https://dadosabertos.camara.leg.br/api/v2/eventos/59320;REQ 3/2020 PLP14619;https://dadosabertos.camara.leg.br/api/v2/proposicoes/2237616;Aprovado;1.0
2237334-2;https://dadosabertos.camara.leg.br/api/v2/votacoes/2237334-2;2020-02-18;2020-02-18T14:50:19;PLP14619;https://dadosabertos.camara.leg.br/api/v2/orgaos/538627;https://dadosabertos.camara.leg.br/api/v2/eventos/59320;REQ 1/2020 PLP14619;https://dadosabertos.camara.leg.br/api/v2/proposicoes/2237334;Aprovado com inclusão do doutor José Eduardo Ciotola Gussem - Procurador Geral do Estado do Rio de Janeiro e da doutrora Ferdanda Curdi - palestrante do SEBRAE. O requerimento foi Subscrito pelo Deputado Tiago Dimas.;1.0
2205645-30;https://dadosabertos.camara.leg.br/api/v2/votacoes/2205645-30;2020-02-18;2020-02-18T14:47:03;PLP14619;https://dadosabertos.camara.leg.br/api/v2/orgaos/538627;;;;"Aprovado requerimento n. 5/2020 do Sr. Rodrigo Coelho que requer realização de audiência pública para discussão sobre ""Aspectos trabalhistas e relações de colaboração: Medidas regulatórias para novas relações de trabalho e colaboração"", com a presença dos seguintes convidados: representante da AMO20 - Associação Brasileira online to Offline; Fernando Abdala - Abdala Advogados; representante da secretaria de Trabalho e Emprego.";1.0
2237621-2;https://dadosabertos.camara.leg.br/api/v2/votacoes/2237621-2;2020-02-18;2020-02-18T14:47:01;PLP14619;https://dadosabertos.camara.leg.br/api/v2/orgaos/538627;https://dadosabertos.camara.leg.br/api/v2/eventos/59320;REQ 5/2020 PLP14619;https://dadosabertos.camara.leg.br/api/v2/proposicoes/2237621;Aprovado;1.0
2205645-29;https://dadosabertos.camara.leg.br/api/v2/votacoes/2205645-29;2020-02-18;2020-02-18T14:46:54;PLP14619;https://dadosabertos.camara.leg.br/api/v2/orgaos/538627;;;;"Aprovado requerimento n. 2/2020 do Sr. Paulo Ganime que requer realização de audiência pública para discussão sobre ""Aspectos trabalhistas e relações de colaboração: Medidas regulatórias para novas relações de trabalho e colaboração"", com a presença dos seguintes convidados: representante da ABO20 - Associação Brasileira Online to Offline; Fernando Abdala - Abdala Advogados; representante da Secretaria de Trabalho e Emprego; Representante do Ministério Público do Trabalho; representado do Ifood- Diretor de Políticas Públicas - João Sabino; Rodrigo Marinho - Conselheiro do Instituto Mises.";1.0
2237615-2;https://dadosabertos.camara.leg.br/api/v2/votacoes/2237615-2;2020-02-18;2020-02-18T14:46:52;PLP14619;https://dadosabertos.camara.leg.br/api/v2/orgaos/538627;https://dadosabertos.camara.leg.br/api/v2/eventos/59320;REQ 2/2020 PLP14619;https://dadosabertos.camara.leg.br/api/v2/proposicoes/2237615;Aprovado;1.0
2237629-2;https://dadosabertos.camara.leg.br/api/v2/votacoes/2237629-2;2020-02-18;2020-02-18T12:49:09;CPIOLEO;https://dadosabertos.camara.leg.br/api/v2/orgaos/538734;https://dadosabertos.camara.leg.br/api/v2/eventos/59319;REQ 13/2020 CPIOLEO;https://dadosabertos.camara.leg.br/api/v2/proposicoes/2237629;Aprovado.;1.0
2237627-2;https://dadosabertos.camara.leg.br/api/v2/votacoes/2237627-2;2020-02-18;2020-02-18T12:49:00;CPIOLEO;https://dadosabertos.camara.leg.br/api/v2/orgaos/538734;https://dadosabertos.camara.leg.br/api/v2/eventos/59319;REQ 12/2020 CPIOLEO;https://dadosabertos.camara.leg.br/api/v2/proposicoes/2237627;Aprovado.;1.0
2237626-2;https://dadosabertos.camara.leg.br/api/v2/votacoes/2237626-2;2020-02-18;2020-02-18T12:48:50;CPIOLEO;https://dadosabertos.camara.leg.br/api/v2/orgaos/538734;https://dadosabertos.camara.leg.br/api/v2/eventos/59319;REQ 11/2020 CPIOLEO;https://dadosabertos.camara.leg.br/api/v2/proposicoes/2237626;Aprovado, com alteração para convite.;1.0
2237619-2;https://dadosabertos.camara.leg.br/api/v2/votacoes/2237619-2;2020-02-18;2020-02-18T12:48:26;CPIOLEO;https://dadosabertos.camara.leg.br/api/v2/orgaos/538734;https://dadosabertos.camara.leg.br/api/v2/eventos/59319;REQ 10/2020 CPIOLEO;https://dadosabertos.camara.leg.br/api/v2/proposicoes/2237619;Aprovado.;1.0
2237618-2;https://dadosabertos.camara.leg.br/api/v2/votacoes/2237618-2;2020-02-18;2020-02-18T12:48:10;CPIOLEO;https://dadosabertos.camara.leg.br/api/v2/orgaos/538734;https://dadosabertos.camara.leg.br/api/v2/eventos/59319;REQ 9/2020 CPIOLEO;https://dadosabertos.camara.leg.br/api/v2/proposicoes/2237618;Aprovado, com alteração para convite.;1.0
2237617-2;https://dadosabertos.camara.leg.br/api/v2/votacoes/2237617-2;2020-02-18;2020-02-18T12:47:48;CPIOLEO;https://dadosabertos.camara.leg.br/api/v2/orgaos/538734;https://dadosabertos.camara.leg.br/api/v2/eventos/59319;REQ 8/2020 CPIOLEO;https://dadosabertos.camara.leg.br/api/v2/proposicoes/2237617;Aprovado, com alteração para convite.;1.0
2237047-2;https://dadosabertos.camara.leg.br/api/v2/votacoes/2237047-2;2020-02-18;2020-02-18T12:44:11;CPIOLEO;https://dadosabertos.camara.leg.br/api/v2/orgaos/538734;https://dadosabertos.camara.leg.br/api/v2/eventos/59319;REQ 7/2020 CPIOLEO;https://dadosabertos.camara.leg.br/api/v2/proposicoes/2237047;Aprovado.;1.0
2236784-2;https://dadosabertos.camara.leg.br/api/v2/votacoes/2236784-2;2020-02-18;2020-02-18T12:42:57;CPIOLEO;https://dadosabertos.camara.leg.br/api/v2/orgaos/538734;https://dadosabertos.camara.leg.br/api/v2/eventos/59319;REQ 6/2020 CPIOLEO;https://dadosabertos.camara.leg.br/api/v2/proposicoes/2236784;Aprovado.;1.0
2236644-2;https://dadosabertos.camara.leg.br/api/v2/votacoes/2236644-2;2020-02-18;2020-02-18T12:42:08;CPIOLEO;https://dadosabertos.camara.leg.br/api/v2/orgaos/538734;https://dadosabertos.camara.leg.br/api/v2/eventos/59319;REQ 5/2020 CPIOLEO;https://dadosabertos.camara.leg.br/api/v2/proposicoes/2236644;Aprovado.;1.0
2205645-28;https://dadosabertos.camara.leg.br/api/v2/votacoes/2205645-28;2020-02-18;2020-02-18T10:39:06;PLP14619;https://dadosabertos.camara.leg.br/api/v2/orgaos/538627;;;;"Aprovado requerimento do Sr. Rodrigo Coelho que requer realização de audiência pública para discussão sobre ""Aspectos trabalhistas e relações de colaboração: Medidas regulatórias para novas relações de trabalho e colaboração"", com a presença dos seguintes convidados: representante da AMO20 - Associação Brasiuleira online to Offline; Fernando Abdala - Abdala Advogados; representante da secretaria de Trabalhoa e Emprego.";1.0
2205645-27;https://dadosabertos.camara.leg.br/api/v2/votacoes/2205645-27;2020-02-18;2020-02-18T10:38:48;PLP14619;https://dadosabertos.camara.leg.br/api/v2/orgaos/538627;;;;"Aprovado requerimento do Sr. Paulo Ganime que requer realização de audiência pública para discussão sobre ""Facilitação de Investimentos em Startups: medidas regulatórias para incentivar e dar segurança jurídica e investidores em modelos disruptivos de negócios,"" com a presença dos seguintes convidados: Representante da Comissão de Valores mobilários - CVM; Tomas Neiva - Sócio da NBF Advogados; Representante da Endeavor Brasil; Representante da Associação Brasileira de Private Equity e Venture Capital; Representante do Cubo Itaú.";1.0
2222884-73;https://dadosabertos.camara.leg.br/api/v2/votacoes/2222884-73;2020-02-17;2020-02-17T21:49:55;PLEN;https://dadosabertos.camara.leg.br/api/v2/orgaos/180;https://dadosabertos.camara.leg.br/api/v2/eventos/59317;;;"Mantido o texto. Sim: 315; não: 53; abstenção: 1; total: 369.";
2222884-70;https://dadosabertos.camara.leg.br/api/v2/votacoes/2222884-70;2020-02-17;2020-02-17T21:03:04;PLEN;https://dadosabertos.camara.leg.br/api/v2/orgaos/180;https://dadosabertos.camara.leg.br/api/v2/eventos/59317;;;"Mantido o texto. Sim: 271; não: 67; abstenção: 1; total: 339.";
2222884-67;https://dadosabertos.camara.leg.br/api/v2/votacoes/2222884-67;2020-02-17;2020-02-17T20:25:46;PLEN;https://dadosabertos.camara.leg.br/api/v2/orgaos/180;https://dadosabertos.camara.leg.br/api/v2/eventos/59317;;;"Rejeitado o Requerimento. Sim: 2; não: 279; total: 281.";0.0
2237002-2;https://dadosabertos.camara.leg.br/api/v2/votacoes/2237002-2;2020-02-12;2020-02-13T16:45:36;CEPOLICI;https://dadosabertos.camara.leg.br/api/v2/orgaos/538686;https://dadosabertos.camara.leg.br/api/v2/eventos/59269;REQ 3/2020 CEPOLICI;https://dadosabertos.camara.leg.br/api/v2/proposicoes/2237002;Aprovado;1.0
2236955-2;https://dadosabertos.camara.leg.br/api/v2/votacoes/2236955-2;2020-02-12;2020-02-13T16:45:32;CEPOLICI;https://dadosabertos.camara.leg.br/api/v2/orgaos/538686;https://dadosabertos.camara.leg.br/api/v2/eventos/59269;REQ 2/2020 CEPOLICI;https://dadosabertos.camara.leg.br/api/v2/proposicoes/2236955;Aprovado;1.0
2222884-62;https://dadosabertos.camara.leg.br/api/v2/votacoes/2222884-62;2020-02-11;2020-02-11T20:39:02;PLEN;https://dadosabertos.camara.leg.br/api/v2/orgaos/180;https://dadosabertos.camara.leg.br/api/v2/eventos/59298;;;"Aprovada a Medida Provisória nº 897, de 2019, na forma do Projeto de Lei de Conversão nº 30, de 2019, ressalvados os destaques. Sim 329; não 58; total 387.";1.0
2222884-59;https://dadosabertos.camara.leg.br/api/v2/votacoes/2222884-59;2020-02-11;2020-02-11T20:31:14;PLEN;https://dadosabertos.camara.leg.br/api/v2/orgaos/180;https://dadosabertos.camara.leg.br/api/v2/eventos/59298;;;"Rejeitada a admissibilidade do destaque simples. Em consequência, fica prejudicada a apreciação do destaque. Sim 4; não 305; abstenção 1; total 310.";0.0
2222884-57;https://dadosabertos.camara.leg.br/api/v2/votacoes/2222884-57;2020-02-11;2020-02-11T20:24:28;PLEN;https://dadosabertos.camara.leg.br/api/v2/orgaos/180;https://dadosabertos.camara.leg.br/api/v2/eventos/59298;;;"Rejeitada a Preferência. Sim 29; não 272; total 301.";0.0
2222884-54;https://dadosabertos.camara.leg.br/api/v2/votacoes/2222884-54;2020-02-11;2020-02-11T20:13:09;PLEN;https://dadosabertos.camara.leg.br/api/v2/orgaos/180;https://dadosabertos.camara.leg.br/api/v2/eventos/59298;;;"Rejeitado o Requerimento. Sim 4; não 349; abstenção 1; total 354.";0.0
2222884-48;https://dadosabertos.camara.leg.br/api/v2/votacoes/2222884-48;2020-02-11;2020-02-11T19:39:38;PLEN;https://dadosabertos.camara.leg.br/api/v2/orgaos/180;https://dadosabertos.camara.leg.br/api/v2/eventos/59290;;;Aprovado, em apreciação preliminar, o Parecer da Comissão Mista, na parte em que manifesta opinião pelo não atendimento dos pressupostos constitucionais de relevância e urgência e de sua adequação financeira e orçamentária, nos termos do artigo 8º da Resolução nº 01, de 2002-CN. Sim 318, não 2, abstenção 2, total 322.;1.0
2222884-47;https://dadosabertos.camara.leg.br/api/v2/votacoes/2222884-47;2020-02-11;2020-02-11T19:17:15;PLEN;https://dadosabertos.camara.leg.br/api/v2/orgaos/180;https://dadosabertos.camara.leg.br/api/v2/eventos/59290;;;"Aprovado, em apreciação preliminar, o Parecer da Comissão Mista, na parte em que manifesta opinião favorável quanto ao atendimento dos pressupostos constitucionais de relevância e urgência e de sua adequação financeira e orçamentária, nos termos do artigo 8º da Resolução nº 01, de 2002-CN. Sim 293; não 2; total 295.";1.0
2222884-43;https://dadosabertos.camara.leg.br/api/v2/votacoes/2222884-43;2020-02-11;2020-02-11T18:25:00;PLEN;https://dadosabertos.camara.leg.br/api/v2/orgaos/180;https://dadosabertos.camara.leg.br/api/v2/eventos/59290;;;"Rejeitado o Requerimento. Sim 3; não 320; abstenção 2; total 325.";0.0
2222884-39;https://dadosabertos.camara.leg.br/api/v2/votacoes/2222884-39;2020-02-11;2020-02-11T17:14:25;PLEN;https://dadosabertos.camara.leg.br/api/v2/orgaos/180;https://dadosabertos.camara.leg.br/api/v2/eventos/59290;;;"Rejeitado o Requerimento. Sim  5; não 255; total  260.";0.0
2236880-2;https://dadosabertos.camara.leg.br/api/v2/votacoes/2236880-2;2020-02-11;2020-02-11T15:39:48;PEC01515;https://dadosabertos.camara.leg.br/api/v2/orgaos/538357;https://dadosabertos.camara.leg.br/api/v2/eventos/59288;REQ 1/2020 PEC01515;https://dadosabertos.camara.leg.br/api/v2/proposicoes/2236880;Aprovado;1.0
2236326-19;https://dadosabertos.camara.leg.br/api/v2/votacoes/2236326-19;2020-02-05;2020-02-05T22:00:08;PLEN;https://dadosabertos.camara.leg.br/api/v2/orgaos/180;https://dadosabertos.camara.leg.br/api/v2/eventos/59275;;;"Aprovado o parecer da Comissão de Constituição e Justiça e de Cidadania à Comunicação de Medida Cautelar nº 1/2020. Sim: 233; não: 170; abstenção: 7; total: 410.";1.0
2236326-12;https://dadosabertos.camara.leg.br/api/v2/votacoes/2236326-12;2020-02-05;2020-02-05T21:20:09;PLEN;https://dadosabertos.camara.leg.br/api/v2/orgaos/180;https://dadosabertos.camara.leg.br/api/v2/eventos/59275;;;"Fica estabelecida a necessidade de quórum de maioria absoluta para o referendo da medida cautelar nº 01, de 2020. Sim: 407; não: 5; abstenção: 1; total: 413.";1.0
2165194-114;https://dadosabertos.camara.leg.br/api/v2/votacoes/2165194-114;2020-02-05;2020-02-05T16:54:28;PEC39117;https://dadosabertos.camara.leg.br/api/v2/orgaos/538272;https://dadosabertos.camara.leg.br/api/v2/eventos/59227;;;Aprovada a Proposta de Redação para o Segundo Turno.;1.0
2232493-2;https://dadosabertos.camara.leg.br/api/v2/votacoes/2232493-2;2020-02-05;2020-02-05T16:34:26;CEXOBRAS;https://dadosabertos.camara.leg.br/api/v2/orgaos/538621;https://dadosabertos.camara.leg.br/api/v2/eventos/59216;REQ 28/2019 CEXOBRAS;https://dadosabertos.camara.leg.br/api/v2/proposicoes/2232493;Aprovado.;1.0
2232492-2;https://dadosabertos.camara.leg.br/api/v2/votacoes/2232492-2;2020-02-05;2020-02-05T16:34:19;CEXOBRAS;https://dadosabertos.camara.leg.br/api/v2/orgaos/538621;https://dadosabertos.camara.leg.br/api/v2/eventos/59216;REQ 27/2019 CEXOBRAS;https://dadosabertos.camara.leg.br/api/v2/proposicoes/2232492;Aprovado.;1.0
2232405-2;https://dadosabertos.camara.leg.br/api/v2/votacoes/2232405-2;2020-02-05;2020-02-05T16:34:11;CEXOBRAS;https://dadosabertos.camara.leg.br/api/v2/orgaos/538621;https://dadosabertos.camara.leg.br/api/v2/eventos/59216;REQ 26/2019 CEXOBRAS;https://dadosabertos.camara.leg.br/api/v2/proposicoes/2232405;Aprovado.;1.0
2234689-2;https://dadosabertos.camara.leg.br/api/v2/votacoes/2234689-2;2020-02-05;2020-02-05T15:35:13;CPIOLEO;https://dadosabertos.camara.leg.br/api/v2/orgaos/538734;https://dadosabertos.camara.leg.br/api/v2/eventos/59236;REQ 63/2019 CPIOLEO;https://dadosabertos.camara.leg.br/api/v2/proposicoes/2234689;Aprovado;1.0
2234150-3;https://dadosabertos.camara.leg.br/api/v2/votacoes/2234150-3;2020-02-05;2020-02-05T15:34:38;CPIOLEO;https://dadosabertos.camara.leg.br/api/v2/orgaos/538734;https://dadosabertos.camara.leg.br/api/v2/eventos/59236;REQ 61/2019 CPIOLEO;https://dadosabertos.camara.leg.br/api/v2/proposicoes/2234150;Aprovado;1.0
2234148-3;https://dadosabertos.camara.leg.br/api/v2/votacoes/2234148-3;2020-02-05;2020-02-05T15:34:07;CPIOLEO;https://dadosabertos.camara.leg.br/api/v2/orgaos/538734;https://dadosabertos.camara.leg.br/api/v2/eventos/59236;REQ 60/2019 CPIOLEO;https://dadosabertos.camara.leg.br/api/v2/proposicoes/2234148;Aprovado;1.0
2236408-2;https://dadosabertos.camara.leg.br/api/v2/votacoes/2236408-2;2020-02-05;2020-02-05T15:33:40;CPIOLEO;https://dadosabertos.camara.leg.br/api/v2/orgaos/538734;https://dadosabertos.camara.leg.br/api/v2/eventos/59236;REQ 2/2020 CPIOLEO;https://dadosabertos.camara.leg.br/api/v2/proposicoes/2236408;Aprovado;1.0
2234018-3;https://dadosabertos.camara.leg.br/api/v2/votacoes/2234018-3;2020-02-05;2020-02-05T15:33:35;CPIOLEO;https://dadosabertos.camara.leg.br/api/v2/orgaos/538734;https://dadosabertos.camara.leg.br/api/v2/eventos/59236;REQ 59/2019 CPIOLEO;https://dadosabertos.camara.leg.br/api/v2/proposicoes/2234018;Aprovado;1.0
2236470-2;https://dadosabertos.camara.leg.br/api/v2/votacoes/2236470-2;2020-02-05;2020-02-05T15:32:26;CPIOLEO;https://dadosabertos.camara.leg.br/api/v2/orgaos/538734;https://dadosabertos.camara.leg.br/api/v2/eventos/59236;;;Aprovado;1.0
2236467-2;https://dadosabertos.camara.leg.br/api/v2/votacoes/2236467-2;2020-02-05;2020-02-05T15:31:42;CPIOLEO;https://dadosabertos.camara.leg.br/api/v2/orgaos/538734;https://dadosabertos.camara.leg.br/api/v2/eventos/59236;;;Aprovado;1.0
2236407-2;https://dadosabertos.camara.leg.br/api/v2/votacoes/2236407-2;2020-02-05;2020-02-05T15:30:56;CPIOLEO;https://dadosabertos.camara.leg.br/api/v2/orgaos/538734;https://dadosabertos.camara.leg.br/api/v2/eventos/59236;;;Aprovado;1.0
2234431-2;https://dadosabertos.camara.leg.br/api/v2/votacoes/2234431-2;2020-02-05;2020-02-05T15:30:15;CPIOLEO;https://dadosabertos.camara.leg.br/api/v2/orgaos/538734;https://dadosabertos.camara.leg.br/api/v2/eventos/59236;REQ 62/2019 CPIOLEO;https://dadosabertos.camara.leg.br/api/v2/proposicoes/2234431;Aprovado;1.0
2233850-3;https://dadosabertos.camara.leg.br/api/v2/votacoes/2233850-3;2020-02-05;2020-02-05T15:29:30;CPIOLEO;https://dadosabertos.camara.leg.br/api/v2/orgaos/538734;https://dadosabertos.camara.leg.br/api/v2/eventos/59236;REQ 58/2019 CPIOLEO;https://dadosabertos.camara.leg.br/api/v2/proposicoes/2233850;Aprovado;1.0
2233790-3;https://dadosabertos.camara.leg.br/api/v2/votacoes/2233790-3;2020-02-05;2020-02-05T15:28:25;CPIOLEO;https://dadosabertos.camara.leg.br/api/v2/orgaos/538734;https://dadosabertos.camara.leg.br/api/v2/eventos/59236;;;Aprovado;1.0
2236440-2;https://dadosabertos.camara.leg.br/api/v2/votacoes/2236440-2;2020-02-05;2020-02-05T13:16:20;PEC19919;https://dadosabertos.camara.leg.br/api/v2/orgaos/538736;https://dadosabertos.camara.leg.br/api/v2/eventos/59254;REQ 4/2020 PEC19919;https://dadosabertos.camara.leg.br/api/v2/proposicoes/2236440;Aprovado;1.0
2236439-2;https://dadosabertos.camara.leg.br/api/v2/votacoes/2236439-2;2020-02-05;2020-02-05T13:16:19;PEC19919;https://dadosabertos.camara.leg.br/api/v2/orgaos/538736;https://dadosabertos.camara.leg.br/api/v2/eventos/59254;REQ 3/2020 PEC19919;https://dadosabertos.camara.leg.br/api/v2/proposicoes/2236439;Aprovado;1.0
2236438-2;https://dadosabertos.camara.leg.br/api/v2/votacoes/2236438-2;2020-02-05;2020-02-05T13:16:19;PEC19919;https://dadosabertos.camara.leg.br/api/v2/orgaos/538736;https://dadosabertos.camara.leg.br/api/v2/eventos/59254;REQ 2/2020 PEC19919;https://dadosabertos.camara.leg.br/api/v2/proposicoes/2236438;Aprovado;1.0
2236364-2;https://dadosabertos.camara.leg.br/api/v2/votacoes/2236364-2;2020-02-05;2020-02-05T13:16:19;PEC19919;https://dadosabertos.camara.leg.br/api/v2/orgaos/538736;https://dadosabertos.camara.leg.br/api/v2/eventos/59254;REQ 1/2020 PEC19919;https://dadosabertos.camara.leg.br/api/v2/proposicoes/2236364;Aprovado;1.0
2234708-2;https://dadosabertos.camara.leg.br/api/v2/votacoes/2234708-2;2020-02-05;2020-02-05T13:16:19;PEC19919;https://dadosabertos.camara.leg.br/api/v2/orgaos/538736;https://dadosabertos.camara.leg.br/api/v2/eventos/59254;REQ 20/2019 PEC19919;https://dadosabertos.camara.leg.br/api/v2/proposicoes/2234708;Aprovado;1.0
2234104-2;https://dadosabertos.camara.leg.br/api/v2/votacoes/2234104-2;2020-02-05;2020-02-05T13:16:19;PEC19919;https://dadosabertos.camara.leg.br/api/v2/orgaos/538736;https://dadosabertos.camara.leg.br/api/v2/eventos/59254;REQ 19/2019 PEC19919;https://dadosabertos.camara.leg.br/api/v2/proposicoes/2234104;Aprovado;1.0
2234070-2;https://dadosabertos.camara.leg.br/api/v2/votacoes/2234070-2;2020-02-05;2020-02-05T13:16:17;PEC19919;https://dadosabertos.camara.leg.br/api/v2/orgaos/538736;https://dadosabertos.camara.leg.br/api/v2/eventos/59254;REQ 18/2019 PEC19919;https://dadosabertos.camara.leg.br/api/v2/proposicoes/2234070;Aprovado;1.0
2236343-40;https://dadosabertos.camara.leg.br/api/v2/votacoes/2236343-40;2020-02-04;2020-02-04T21:55:43;PLEN;https://dadosabertos.camara.leg.br/api/v2/orgaos/180;https://dadosabertos.camara.leg.br/api/v2/eventos/59265;;;Aprovada a Redação Final assinada pela Relatora, Dep. Carmen Zanotto (CIDADANIA-SC).;1.0
2236343-38;https://dadosabertos.camara.leg.br/api/v2/votacoes/2236343-38;2020-02-04;2020-02-04T21:55:00;PLEN;https://dadosabertos.camara.leg.br/api/v2/orgaos/180;https://dadosabertos.camara.leg.br/api/v2/eventos/59265;;;Rejeitada a Emenda nº 9.;0.0
2236343-34;https://dadosabertos.camara.leg.br/api/v2/votacoes/2236343-34;2020-02-04;2020-02-04T21:42:57;PLEN;https://dadosabertos.camara.leg.br/api/v2/orgaos/180;https://dadosabertos.camara.leg.br/api/v2/eventos/59265;;;Aprovada a Subemenda Substitutiva Global ao Projeto de Lei 23, de 2020, adotada pela Relatora da Comissão Especial, ressalvados os destaques.;1.0
2236333-5;https://dadosabertos.camara.leg.br/api/v2/votacoes/2236333-5;2020-02-04;2020-02-04T20:38:03;PLEN;https://dadosabertos.camara.leg.br/api/v2/orgaos/180;https://dadosabertos.camara.leg.br/api/v2/eventos/59265;REQ 26/2020;https://dadosabertos.camara.leg.br/api/v2/proposicoes/2236333;Aprovado o Requerimento.;1.0
2236289-5;https://dadosabertos.camara.leg.br/api/v2/votacoes/2236289-5;2020-02-04;2020-02-04T20:38:02;PLEN;https://dadosabertos.camara.leg.br/api/v2/orgaos/180;https://dadosabertos.camara.leg.br/api/v2/eventos/59265;REQ 9/2020;https://dadosabertos.camara.leg.br/api/v2/proposicoes/2236289;Aprovado o Requerimento.;1.0
2234561-5;https://dadosabertos.camara.leg.br/api/v2/votacoes/2234561-5;2020-02-04;2020-02-04T20:32:14;PLEN;https://dadosabertos.camara.leg.br/api/v2/orgaos/180;https://dadosabertos.camara.leg.br/api/v2/eventos/59265;REQ 3246/2019;https://dadosabertos.camara.leg.br/api/v2/proposicoes/2234561;Aprovado, por unanimidade, o Requerimento de Urgência (Art. 155 do RICD).;1.0
2236481-5;https://dadosabertos.camara.leg.br/api/v2/votacoes/2236481-5;2020-02-04;2020-02-04T19:51:59;PLEN;https://dadosabertos.camara.leg.br/api/v2/orgaos/180;https://dadosabertos.camara.leg.br/api/v2/eventos/59265;REQ 48/2020;https://dadosabertos.camara.leg.br/api/v2/proposicoes/2236481;Aprovado, por unanimidade, o Requerimento de Urgência (Art. 155 do RICD).;1.0
2236343-24;https://dadosabertos.camara.leg.br/api/v2/votacoes/2236343-24;2020-02-04;2020-02-04T19:39:25;PLEN;https://dadosabertos.camara.leg.br/api/v2/orgaos/180;;;;Aprovado requerimento do Sr. Aguinaldo Ribeiro que requeiro, nos termos do art. 155 do Regimento Interno da Câmara dos Deputados, urgência para a discussão e votação do Projeto de Lei nº 23, de 2020, oriundo do Poder executivo.;1.0
2236343-23;https://dadosabertos.camara.leg.br/api/v2/votacoes/2236343-23;2020-02-04;2020-02-04T19:39:25;PLEN;https://dadosabertos.camara.leg.br/api/v2/orgaos/180;;;;Alteração do Regime de Tramitação desta proposição em virtude da Aprovação do REQ 46/2020.;1.0
2236478-5;https://dadosabertos.camara.leg.br/api/v2/votacoes/2236478-5;2020-02-04;2020-02-04T19:39:23;PLEN;https://dadosabertos.camara.leg.br/api/v2/orgaos/180;https://dadosabertos.camara.leg.br/api/v2/eventos/59265;REQ 46/2020;https://dadosabertos.camara.leg.br/api/v2/proposicoes/2236478;Aprovado, por unanimidade, o Requerimento de Urgência (Art. 155 do RICD).;1.0
2236329-2;https://dadosabertos.camara.leg.br/api/v2/votacoes/2236329-2;2020-02-04;2020-02-04T17:02:36;CEPOLICI;https://dadosabertos.camara.leg.br/api/v2/orgaos/538686;https://dadosabertos.camara.leg.br/api/v2/eventos/59253;REQ 1/2020 CEPOLICI;https://dadosabertos.camara.leg.br/api/v2/proposicoes/2236329;Aprovado.;1.0
2229565-3;https://dadosabertos.camara.leg.br/api/v2/votacoes/2229565-3;2020-02-04;2020-02-04T16:59:57;CEPOLICI;https://dadosabertos.camara.leg.br/api/v2/orgaos/538686;https://dadosabertos.camara.leg.br/api/v2/eventos/59253;REQ 21/2019 CEPOLICI;https://dadosabertos.camara.leg.br/api/v2/proposicoes/2229565;Aprovado.;1.0
2256130-44;https://dadosabertos.camara.leg.br/api/v2/votacoes/2256130-44;2020-07-01;2020-07-01T19:01:38;PLEN;https://dadosabertos.camara.leg.br/api/v2/orgaos/180;https://dadosabertos.camara.leg.br/api/v2/eventos/59723;;;"Suprimido o texto. Sim: 154; não: 316; total: 470.";
2256130-40;https://dadosabertos.camara.leg.br/api/v2/votacoes/2256130-40;2020-07-01;2020-07-01T18:32:18;PLEN;https://dadosabertos.camara.leg.br/api/v2/orgaos/180;https://dadosabertos.camara.leg.br/api/v2/eventos/59723;;;"Suprimido o texto. Sim: 71; não: 379; abstenção: 1; total: 451.";
2256130-37;https://dadosabertos.camara.leg.br/api/v2/votacoes/2256130-37;2020-07-01;2020-07-01T18:00:04;PLEN;https://dadosabertos.camara.leg.br/api/v2/orgaos/180;https://dadosabertos.camara.leg.br/api/v2/eventos/59723;;;"Aprovada, em primeiro turno, a Proposta de Emenda à Constituição nº 18, de 2020, ressalvado os destaques. Sim: 402; não: 90; abstenções: 4; total: 496.";1.0
2256081-17;https://dadosabertos.camara.leg.br/api/v2/votacoes/2256081-17;2020-07-01;2020-07-01T16:46:49;MESA;https://dadosabertos.camara.leg.br/api/v2/orgaos/4;;;;"Deferido o Requerimento n. 1.664/2020, conforme despacho do seguinte teor: ""Defiro a retirada do Requerimento n. 1.657/2020, nos termos do art. 104, caput, c/c o art. 114, V, do Regimento Interno da Câmara dos Deputados. Publique-se.""";1.0
2256130-29;https://dadosabertos.camara.leg.br/api/v2/votacoes/2256130-29;2020-07-01;2020-07-01T16:45:46;PLEN;https://dadosabertos.camara.leg.br/api/v2/orgaos/180;https://dadosabertos.camara.leg.br/api/v2/eventos/59723;;;Aprovada a admissibilidade da Proposta de Emenda à Constituição nº 18, de 2020.;1.0
2256130-22;https://dadosabertos.camara.leg.br/api/v2/votacoes/2256130-22;2020-07-01;2020-07-01T15:58:03;PLEN;https://dadosabertos.camara.leg.br/api/v2/orgaos/180;https://dadosabertos.camara.leg.br/api/v2/eventos/59723;;;"Rejeitado o Requerimento. Sim: 16; não: 466; total: 482.";0.0
2260725-30;https://dadosabertos.camara.leg.br/api/v2/votacoes/2260725-30;2020-12-10;2020-12-10T12:33:37;PLEN;https://dadosabertos.camara.leg.br/api/v2/orgaos/180;https://dadosabertos.camara.leg.br/api/v2/eventos/60191;;;Aprovada a Subemenda Substitutiva Global ao Projeto de Lei nº 4.287, de 2020, adotada pela Relatora da Comissão de Defesa dos Direitos da Mulher.;1.0
2262173-40;https://dadosabertos.camara.leg.br/api/v2/votacoes/2262173-40;2020-12-10;2020-12-10T11:35:47;PLEN;https://dadosabertos.camara.leg.br/api/v2/orgaos/180;https://dadosabertos.camara.leg.br/api/v2/eventos/60191;;;Aprovada a Redação Final assinada pela Relatora, Dep. Rose Modesto (PSDB-MS).;1.0
2262173-38;https://dadosabertos.camara.leg.br/api/v2/votacoes/2262173-38;2020-12-10;2020-12-10T11:35:14;PLEN;https://dadosabertos.camara.leg.br/api/v2/orgaos/180;https://dadosabertos.camara.leg.br/api/v2/eventos/60191;;;Aprovado o Projeto de Resolução nº 59, de 2020.;1.0
2261932-36;https://dadosabertos.camara.leg.br/api/v2/votacoes/2261932-36;2020-12-10;2020-12-10T11:31:28;PLEN;https://dadosabertos.camara.leg.br/api/v2/orgaos/180;https://dadosabertos.camara.leg.br/api/v2/eventos/60191;;;Aprovada a Redação Final assinada pela Relatora, Dep. Luisa Canziani (PTB-PR).;1.0
2261932-34;https://dadosabertos.camara.leg.br/api/v2/votacoes/2261932-34;2020-12-10;2020-12-10T11:30:53;PLEN;https://dadosabertos.camara.leg.br/api/v2/orgaos/180;https://dadosabertos.camara.leg.br/api/v2/eventos/60191;;;Aprovado o Projeto de Resolução nº 55, de 2020.;1.0
2261931-36;https://dadosabertos.camara.leg.br/api/v2/votacoes/2261931-36;2020-12-10;2020-12-10T11:27:46;PLEN;https://dadosabertos.camara.leg.br/api/v2/orgaos/180;https://dadosabertos.camara.leg.br/api/v2/eventos/60191;;;Aprovada a Redação Final assinada pela Relatora, Dep. Benedita da SIlva (PT-RJ).;1.0
2261931-34;https://dadosabertos.camara.leg.br/api/v2/votacoes/2261931-34;2020-12-10;2020-12-10T11:26:57;PLEN;https://dadosabertos.camara.leg.br/api/v2/orgaos/180;https://dadosabertos.camara.leg.br/api/v2/eventos/60191;;;Aprovado o Projeto de Resolução nº 54, de 2020.;1.0
2265275-40;https://dadosabertos.camara.leg.br/api/v2/votacoes/2265275-40;2020-12-10;2020-12-10T11:18:57;PLEN;https://dadosabertos.camara.leg.br/api/v2/orgaos/180;https://dadosabertos.camara.leg.br/api/v2/eventos/60191;;;Aprovada a Redação Final assinada pela Relatora, Dep.Tereza Nelma (PSDB-AL).;1.0
2265275-38;https://dadosabertos.camara.leg.br/api/v2/votacoes/2265275-38;2020-12-10;2020-12-10T11:18:21;PLEN;https://dadosabertos.camara.leg.br/api/v2/orgaos/180;https://dadosabertos.camara.leg.br/api/v2/eventos/60191;;;Aprovado o Projeto de Resolução nº 71, de 2020.;1.0
2265955-7;https://dadosabertos.camara.leg.br/api/v2/votacoes/2265955-7;2020-12-09;2020-12-09T21:05:29;PLEN;https://dadosabertos.camara.leg.br/api/v2/orgaos/180;https://dadosabertos.camara.leg.br/api/v2/eventos/60186;REQ 2837/2020;https://dadosabertos.camara.leg.br/api/v2/proposicoes/2265955;Aprovado, por unanimidade, o Requerimento de Urgência (Art. 155 do RICD).;1.0
2265956-7;https://dadosabertos.camara.leg.br/api/v2/votacoes/2265956-7;2020-12-09;2020-12-09T20:44:23;PLEN;https://dadosabertos.camara.leg.br/api/v2/orgaos/180;https://dadosabertos.camara.leg.br/api/v2/eventos/60186;REQ 2838/2020;https://dadosabertos.camara.leg.br/api/v2/proposicoes/2265956;Aprovado, por unanimidade, o Requerimento de Urgência (Art. 155 do RICD).;1.0
2266409-7;https://dadosabertos.camara.leg.br/api/v2/votacoes/2266409-7;2020-12-09;2020-12-09T20:40:59;PLEN;https://dadosabertos.camara.leg.br/api/v2/orgaos/180;https://dadosabertos.camara.leg.br/api/v2/eventos/60186;REQ 2885/2020;https://dadosabertos.camara.leg.br/api/v2/proposicoes/2266409;Aprovado, por unanimidade, o Requerimento de Urgência (Art. 155 do RICD).;1.0
2193583-6;https://dadosabertos.camara.leg.br/api/v2/votacoes/2193583-6;2020-12-09;2020-12-09T20:24:20;PLEN;https://dadosabertos.camara.leg.br/api/v2/orgaos/180;https://dadosabertos.camara.leg.br/api/v2/eventos/60186;REQ 714/2019 => PLP 238/2016;https://dadosabertos.camara.leg.br/api/v2/proposicoes/2193583;Aprovado o Requerimento.;1.0
2266447-7;https://dadosabertos.camara.leg.br/api/v2/votacoes/2266447-7;2020-12-09;2020-12-09T20:18:37;PLEN;https://dadosabertos.camara.leg.br/api/v2/orgaos/180;https://dadosabertos.camara.leg.br/api/v2/eventos/60186;REQ 2891/2020;https://dadosabertos.camara.leg.br/api/v2/proposicoes/2266447;Aprovado, por unanimidade, o Requerimento de Urgência (Art. 155 do RICD).;1.0
2265954-7;https://dadosabertos.camara.leg.br/api/v2/votacoes/2265954-7;2020-12-09;2020-12-09T20:18:07;PLEN;https://dadosabertos.camara.leg.br/api/v2/orgaos/180;https://dadosabertos.camara.leg.br/api/v2/eventos/60186;REQ 2836/2020;https://dadosabertos.camara.leg.br/api/v2/proposicoes/2265954;Aprovado, por unanimidade, o Requerimento de Urgência (Art. 155 do RICD).;1.0
2265957-7;https://dadosabertos.camara.leg.br/api/v2/votacoes/2265957-7;2020-12-09;2020-12-09T20:17:24;PLEN;https://dadosabertos.camara.leg.br/api/v2/orgaos/180;https://dadosabertos.camara.leg.br/api/v2/eventos/60186;REQ 2839/2020;https://dadosabertos.camara.leg.br/api/v2/proposicoes/2265957;Aprovado, por unanimidade, o Requerimento de Urgência (Art. 155 do RICD).;1.0
2265900-7;https://dadosabertos.camara.leg.br/api/v2/votacoes/2265900-7;2020-12-09;2020-12-09T20:16:51;PLEN;https://dadosabertos.camara.leg.br/api/v2/orgaos/180;https://dadosabertos.camara.leg.br/api/v2/eventos/60186;REQ 2825/2020;https://dadosabertos.camara.leg.br/api/v2/proposicoes/2265900;Aprovado o Requerimento.;1.0
946625-75;https://dadosabertos.camara.leg.br/api/v2/votacoes/946625-75;2020-12-09;2020-12-09T20:16:21;PLEN;https://dadosabertos.camara.leg.br/api/v2/orgaos/180;;;;Alteração do Regime de Tramitação desta proposição em virtude da alteração do regime do PL 4963/2020, por ter sido aprovado o REQ 2817/2020 que está apensado ao primeiro.;1.0
2265874-7;https://dadosabertos.camara.leg.br/api/v2/votacoes/2265874-7;2020-12-09;2020-12-09T20:16:21;PLEN;https://dadosabertos.camara.leg.br/api/v2/orgaos/180;https://dadosabertos.camara.leg.br/api/v2/eventos/60186;REQ 2817/2020;https://dadosabertos.camara.leg.br/api/v2/proposicoes/2265874;Aprovado o Requerimento.;1.0
2265872-7;https://dadosabertos.camara.leg.br/api/v2/votacoes/2265872-7;2020-12-09;2020-12-09T20:15:34;PLEN;https://dadosabertos.camara.leg.br/api/v2/orgaos/180;https://dadosabertos.camara.leg.br/api/v2/eventos/60186;REQ 2816/2020;https://dadosabertos.camara.leg.br/api/v2/proposicoes/2265872;Aprovado, por unanimidade, o Requerimento de Urgência (Art. 155 do RICD).;1.0
2266410-7;https://dadosabertos.camara.leg.br/api/v2/votacoes/2266410-7;2020-12-09;2020-12-09T20:15:01;PLEN;https://dadosabertos.camara.leg.br/api/v2/orgaos/180;https://dadosabertos.camara.leg.br/api/v2/eventos/60186;REQ 2886/2020;https://dadosabertos.camara.leg.br/api/v2/proposicoes/2266410;Aprovado, por unanimidade, o Requerimento de Urgência (Art. 155 do RICD).;1.0
2242140-166;https://dadosabertos.camara.leg.br/api/v2/votacoes/2242140-166;2020-12-09;2020-12-09T20:13:24;PLEN;https://dadosabertos.camara.leg.br/api/v2/orgaos/180;;;;Aprovado requerimento n. 714/2020 da Sra. Benedita da Silva que requer a apensação do Projeto de Lei nº 1643/20 ao Projeto de Lei nº 1079/20.;1.0
2207717-18;https://dadosabertos.camara.leg.br/api/v2/votacoes/2207717-18;2020-12-09;2020-12-09T20:12:06;PLEN;https://dadosabertos.camara.leg.br/api/v2/orgaos/180;;;;Aprovado requerimento n. 2585/2019 do Sr. Bibo Nunes que requer regime de urgência nos termos do artigo 155 para o PL 3484/2019.;1.0
2262781-11;https://dadosabertos.camara.leg.br/api/v2/votacoes/2262781-11;2020-12-09;2020-12-09T20:11:50;PLEN;https://dadosabertos.camara.leg.br/api/v2/orgaos/180;https://dadosabertos.camara.leg.br/api/v2/eventos/60186;REQ 2354/2020;https://dadosabertos.camara.leg.br/api/v2/proposicoes/2262781;Aprovado, por unanimidade, o Requerimento de Urgência (Art. 155 do RICD).;1.0
2266304-9;https://dadosabertos.camara.leg.br/api/v2/votacoes/2266304-9;2020-12-09;2020-12-09T19:50:03;PLEN;https://dadosabertos.camara.leg.br/api/v2/orgaos/180;https://dadosabertos.camara.leg.br/api/v2/eventos/60186;REQ 2870/2020;https://dadosabertos.camara.leg.br/api/v2/proposicoes/2266304;"Aprovado o Requerimento de Urgência (Art. 155 do RICD). Sim: 331; não: 107; total: 438.";1.0
2266394-7;https://dadosabertos.camara.leg.br/api/v2/votacoes/2266394-7;2020-12-09;2020-12-09T19:04:19;PLEN;https://dadosabertos.camara.leg.br/api/v2/orgaos/180;https://dadosabertos.camara.leg.br/api/v2/eventos/60186;REQ 2883/2020;https://dadosabertos.camara.leg.br/api/v2/proposicoes/2266394;Aprovado, por unanimidade, o Requerimento de Urgência (Art. 155 do RICD).;1.0
2264440-8;https://dadosabertos.camara.leg.br/api/v2/votacoes/2264440-8;2020-12-09;2020-12-09T19:01:34;PLEN;https://dadosabertos.camara.leg.br/api/v2/orgaos/180;https://dadosabertos.camara.leg.br/api/v2/eventos/60186;REQ 2584/2020;https://dadosabertos.camara.leg.br/api/v2/proposicoes/2264440;Aprovado, por unanimidade, o Requerimento de Urgência (Art. 155 do RICD).;1.0
2264439-8;https://dadosabertos.camara.leg.br/api/v2/votacoes/2264439-8;2020-12-09;2020-12-09T19:01:34;PLEN;https://dadosabertos.camara.leg.br/api/v2/orgaos/180;https://dadosabertos.camara.leg.br/api/v2/eventos/60186;REQ 2583/2020;https://dadosabertos.camara.leg.br/api/v2/proposicoes/2264439;Aprovado, por unanimidade, o Requerimento de Urgência (Art. 155 do RICD).;1.0
2260577-7;https://dadosabertos.camara.leg.br/api/v2/votacoes/2260577-7;2020-12-09;2020-12-09T19:01:33;PLEN;https://dadosabertos.camara.leg.br/api/v2/orgaos/180;https://dadosabertos.camara.leg.br/api/v2/eventos/60186;REQ 2180/2020;https://dadosabertos.camara.leg.br/api/v2/proposicoes/2260577;Aprovado, por unanimidade, o Requerimento de Urgência (Art. 155 do RICD).;1.0
2260529-7;https://dadosabertos.camara.leg.br/api/v2/votacoes/2260529-7;2020-12-09;2020-12-09T19:01:32;PLEN;https://dadosabertos.camara.leg.br/api/v2/orgaos/180;https://dadosabertos.camara.leg.br/api/v2/eventos/60186;REQ 2161/2020;https://dadosabertos.camara.leg.br/api/v2/proposicoes/2260529;Aprovado, por unanimidade, o Requerimento de Urgência (Art. 155 do RICD).;1.0
2164132-62;https://dadosabertos.camara.leg.br/api/v2/votacoes/2164132-62;2020-12-09;2020-12-09T18:48:35;PLEN;https://dadosabertos.camara.leg.br/api/v2/orgaos/180;https://dadosabertos.camara.leg.br/api/v2/eventos/60186;;;Aprovada a Redação Final, assinada pelo Relator, Dep. Paulão (PT-AL).;1.0
2164132-60;https://dadosabertos.camara.leg.br/api/v2/votacoes/2164132-60;2020-12-09;2020-12-09T18:46:45;PLEN;https://dadosabertos.camara.leg.br/api/v2/orgaos/180;https://dadosabertos.camara.leg.br/api/v2/eventos/60186;;;"Aprovado, em segundo turno, nos termos do § 3º do art. 5º da Constituição Federal, o Projeto de Decreto Legislativo nº 861, de 2017. Sim: 417; não: 42; abstenção: 3; total: 462.";1.0
2164132-55;https://dadosabertos.camara.leg.br/api/v2/votacoes/2164132-55;2020-12-09;2020-12-09T18:00:37;PLEN;https://dadosabertos.camara.leg.br/api/v2/orgaos/180;https://dadosabertos.camara.leg.br/api/v2/eventos/60186;;;Aprovado o Requerimento nº 2895/2020, que requer a dispensa do interstício de 5 sessões previsto no § 6º do art. 202 do Regimento Interno, para apreciação do segundo turno do projeto de Decreto Legislativo nº 861/2017, aprovado, em primeiro turno, nos termos do § 3º do art. 5º da Constituição Federal.;1.0
2164132-54;https://dadosabertos.camara.leg.br/api/v2/votacoes/2164132-54;2020-12-09;2020-12-09T17:59:36;PLEN;https://dadosabertos.camara.leg.br/api/v2/orgaos/180;https://dadosabertos.camara.leg.br/api/v2/eventos/60186;;;"Aprovado, em primeiro turno, nos termos do § 3º do art. 5º da Constituição Federal, o Projeto de Decreto Legislativo nº 861, de 2017. Sim: 414; não: 39; abstenção: 4; total: 457.";1.0
2205645-53;https://dadosabertos.camara.leg.br/api/v2/votacoes/2205645-53;2020-12-08;2020-12-08T19:11:53;PLEN;https://dadosabertos.camara.leg.br/api/v2/orgaos/180;;;;Aprovado requerimento n. 2822/2020 do Sr. Vinicius Poit que requer, com base no art. 155 do Regimento Interno da Câmara dos Deputados, a urgência do PLP 146/2019.;1.0
2205645-52;https://dadosabertos.camara.leg.br/api/v2/votacoes/2205645-52;2020-12-08;2020-12-08T19:11:53;PLEN;https://dadosabertos.camara.leg.br/api/v2/orgaos/180;;;;Alteração do Regime de Tramitação desta proposição em virtude da Aprovação do REQ 2822/2020.;1.0
2265889-9;https://dadosabertos.camara.leg.br/api/v2/votacoes/2265889-9;2020-12-08;2020-12-08T19:11:51;PLEN;https://dadosabertos.camara.leg.br/api/v2/orgaos/180;https://dadosabertos.camara.leg.br/api/v2/eventos/60185;REQ 2822/2020;https://dadosabertos.camara.leg.br/api/v2/proposicoes/2265889;Aprovado, por unanimidade, o Requerimento de Urgência (Art. 155 do RICD).;1.0
2265440-8;https://dadosabertos.camara.leg.br/api/v2/votacoes/2265440-8;2020-12-08;2020-12-08T18:59:32;PLEN;https://dadosabertos.camara.leg.br/api/v2/orgaos/180;https://dadosabertos.camara.leg.br/api/v2/eventos/60185;REQ 2756/2020;https://dadosabertos.camara.leg.br/api/v2/proposicoes/2265440;"Aprovado o Requerimento. Sim: 374; não: 42; Total: 416 .";1.0
2264837-9;https://dadosabertos.camara.leg.br/api/v2/votacoes/2264837-9;2020-12-08;2020-12-08T18:43:01;PLEN;https://dadosabertos.camara.leg.br/api/v2/orgaos/180;https://dadosabertos.camara.leg.br/api/v2/eventos/60185;REQ 2643/2020;https://dadosabertos.camara.leg.br/api/v2/proposicoes/2264837;"Aprovado o Requerimento. Sim: 394; não: 31; total: 425.";1.0
2260518-9;https://dadosabertos.camara.leg.br/api/v2/votacoes/2260518-9;2020-12-08;2020-12-08T18:17:48;PLEN;https://dadosabertos.camara.leg.br/api/v2/orgaos/180;https://dadosabertos.camara.leg.br/api/v2/eventos/60185;REQ 2156/2020;https://dadosabertos.camara.leg.br/api/v2/proposicoes/2260518;Aprovado, por unanimidade, o Requerimento de Urgência (Art. 155 do RICD).;1.0
2224067-26;https://dadosabertos.camara.leg.br/api/v2/votacoes/2224067-26;2020-12-08;2020-12-08T18:00:56;PLEN;https://dadosabertos.camara.leg.br/api/v2/orgaos/180;;;;Aprovado requerimento n. 1953/2020 do Sr. Vitor Hugo que requer, nos termos do art. 155 do RICD, urgência para apreciação do PL nº 5.387/2019, que dispõe sobre o mercado de câmbio brasileiro, o capital brasileiro no exterior, o capital estrangeiro no País e a prestação de informações ao Banco Central do Brasil.;1.0
2224067-25;https://dadosabertos.camara.leg.br/api/v2/votacoes/2224067-25;2020-12-08;2020-12-08T18:00:56;PLEN;https://dadosabertos.camara.leg.br/api/v2/orgaos/180;;;;Alteração do Regime de Tramitação desta proposição em virtude da Aprovação do REQ 1953/2020.;1.0
2258717-9;https://dadosabertos.camara.leg.br/api/v2/votacoes/2258717-9;2020-12-08;2020-12-08T18:00:53;PLEN;https://dadosabertos.camara.leg.br/api/v2/orgaos/180;https://dadosabertos.camara.leg.br/api/v2/eventos/60185;REQ 1953/2020;https://dadosabertos.camara.leg.br/api/v2/proposicoes/2258717;"Aprovado o Requerimento. Sim: 296; não: 105; Total: 401.";1.0
2266253-8;https://dadosabertos.camara.leg.br/api/v2/votacoes/2266253-8;2020-12-08;2020-12-08T17:38:19;PLEN;https://dadosabertos.camara.leg.br/api/v2/orgaos/180;https://dadosabertos.camara.leg.br/api/v2/eventos/60185;REQ 2867/2020;https://dadosabertos.camara.leg.br/api/v2/proposicoes/2266253;"Aprovado o Requerimento. Sim: 414; não: 13; total: 427";1.0
2260433-214;https://dadosabertos.camara.leg.br/api/v2/votacoes/2260433-214;2020-12-08;2020-12-08T16:56:32;PLEN;https://dadosabertos.camara.leg.br/api/v2/orgaos/180;https://dadosabertos.camara.leg.br/api/v2/eventos/60185;;;Aprovada a Redação Final assinada pelo Relator, Dep. Gurgel.;1.0
2260433-213;https://dadosabertos.camara.leg.br/api/v2/votacoes/2260433-213;2020-12-08;2020-12-08T16:56:08;PLEN;https://dadosabertos.camara.leg.br/api/v2/orgaos/180;https://dadosabertos.camara.leg.br/api/v2/eventos/60185;;;Aprovada a Emenda de Redação n°1.;1.0
2260433-212;https://dadosabertos.camara.leg.br/api/v2/votacoes/2260433-212;2020-12-08;2020-12-08T16:53:24;PLEN;https://dadosabertos.camara.leg.br/api/v2/orgaos/180;https://dadosabertos.camara.leg.br/api/v2/eventos/60185;;;Rejeitada a Emenda de Plenário n° 88;0.0
2260433-210;https://dadosabertos.camara.leg.br/api/v2/votacoes/2260433-210;2020-12-08;2020-12-08T16:43:07;PLEN;https://dadosabertos.camara.leg.br/api/v2/orgaos/180;https://dadosabertos.camara.leg.br/api/v2/eventos/60185;;;"Mantido o texto. Sim 313; não: 128; abstenção: 1;  total: 442.";
2260433-204;https://dadosabertos.camara.leg.br/api/v2/votacoes/2260433-204;2020-12-08;2020-12-08T16:19:40;PLEN;https://dadosabertos.camara.leg.br/api/v2/orgaos/180;https://dadosabertos.camara.leg.br/api/v2/eventos/60185;;;"Suprimido o texto. Sim 149; não: 247; total: 396.";
2260433-200;https://dadosabertos.camara.leg.br/api/v2/votacoes/2260433-200;2020-12-08;2020-12-08T16:00:16;PLEN;https://dadosabertos.camara.leg.br/api/v2/orgaos/180;https://dadosabertos.camara.leg.br/api/v2/eventos/60185;;;"Suprimido o texto. Sim 153 não: 262; abstenções: 2; total: 417.";
2260433-198;https://dadosabertos.camara.leg.br/api/v2/votacoes/2260433-198;2020-12-08;2020-12-08T15:38:02;PLEN;https://dadosabertos.camara.leg.br/api/v2/orgaos/180;https://dadosabertos.camara.leg.br/api/v2/eventos/60185;;;"Rejeitada a Emenda de Plenário n° 114. Sim: 108; não: 295; abstenção: 1; total: 404.";0.0
2260433-194;https://dadosabertos.camara.leg.br/api/v2/votacoes/2260433-194;2020-12-08;2020-12-08T15:14:01;PLEN;https://dadosabertos.camara.leg.br/api/v2/orgaos/180;https://dadosabertos.camara.leg.br/api/v2/eventos/60185;;;"Rejeitado o Requerimento. Sim: 36; não: 309; total: 345.";0.0
2260433-176;https://dadosabertos.camara.leg.br/api/v2/votacoes/2260433-176;2020-12-07;2020-12-08T02:09:12;PLEN;https://dadosabertos.camara.leg.br/api/v2/orgaos/180;https://dadosabertos.camara.leg.br/api/v2/eventos/60179;;;"Aprovada a Emenda. Sim: 233; Não: 19; Abstenção: 5; Total: 257.";1.0
2260433-167;https://dadosabertos.camara.leg.br/api/v2/votacoes/2260433-167;2020-12-07;2020-12-08T01:35:24;PLEN;https://dadosabertos.camara.leg.br/api/v2/orgaos/180;https://dadosabertos.camara.leg.br/api/v2/eventos/60179;;;"Rejeitada a Emenda. Sim: 30; Não: 224; Abstenção: 2; Total: 256.";0.0
2260433-162;https://dadosabertos.camara.leg.br/api/v2/votacoes/2260433-162;2020-12-07;2020-12-08T00:57:13;PLEN;https://dadosabertos.camara.leg.br/api/v2/orgaos/180;https://dadosabertos.camara.leg.br/api/v2/eventos/60179;;;"Mantido o texto. Sim: 244; não: 107; abstenção: 1; total: 352.";
2260433-156;https://dadosabertos.camara.leg.br/api/v2/votacoes/2260433-156;2020-12-07;2020-12-08T00:33:16;PLEN;https://dadosabertos.camara.leg.br/api/v2/orgaos/180;https://dadosabertos.camara.leg.br/api/v2/eventos/60179;;;"Mantido o texto. Sim: 192; não: 157; abstenção: 2; total: 351.";
2260433-148;https://dadosabertos.camara.leg.br/api/v2/votacoes/2260433-148;2020-12-07;2020-12-07T23:58:35;PLEN;https://dadosabertos.camara.leg.br/api/v2/orgaos/180;https://dadosabertos.camara.leg.br/api/v2/eventos/60179;;;Rejeitada a Emenda n° 123.;0.0
2260433-145;https://dadosabertos.camara.leg.br/api/v2/votacoes/2260433-145;2020-12-07;2020-12-07T23:44:00;PLEN;https://dadosabertos.camara.leg.br/api/v2/orgaos/180;https://dadosabertos.camara.leg.br/api/v2/eventos/60179;;;"Mantido o texto. Sim: 226; não: 149; abstenção: 1; total: 376.";
2260433-136;https://dadosabertos.camara.leg.br/api/v2/votacoes/2260433-136;2020-12-07;2020-12-07T23:25:33;PLEN;https://dadosabertos.camara.leg.br/api/v2/orgaos/180;https://dadosabertos.camara.leg.br/api/v2/eventos/60179;;;"Mantido o texto. Sim: 239; não: 161; abstenção: 1; total: 401.";
2260433-129;https://dadosabertos.camara.leg.br/api/v2/votacoes/2260433-129;2020-12-07;2020-12-07T23:03:30;PLEN;https://dadosabertos.camara.leg.br/api/v2/orgaos/180;https://dadosabertos.camara.leg.br/api/v2/eventos/60179;;;"Mantido o texto. Sim: 306; não: 124; abstenção: 1; total: 431.";
2260433-124;https://dadosabertos.camara.leg.br/api/v2/votacoes/2260433-124;2020-12-07;2020-12-07T22:38:01;PLEN;https://dadosabertos.camara.leg.br/api/v2/orgaos/180;https://dadosabertos.camara.leg.br/api/v2/eventos/60179;;;"Rejeitada a Emenda n° 64. Sim: 119; não: 323;  total:442.";0.0
2260433-118;https://dadosabertos.camara.leg.br/api/v2/votacoes/2260433-118;2020-12-07;2020-12-07T22:12:23;PLEN;https://dadosabertos.camara.leg.br/api/v2/orgaos/180;https://dadosabertos.camara.leg.br/api/v2/eventos/60179;;;Aprovada a Emenda n° 126.;1.0
2260433-116;https://dadosabertos.camara.leg.br/api/v2/votacoes/2260433-116;2020-12-07;2020-12-07T21:55:11;PLEN;https://dadosabertos.camara.leg.br/api/v2/orgaos/180;https://dadosabertos.camara.leg.br/api/v2/eventos/60179;;;"Mantido o texto. Sim: 275; não: 116; abstenção: 1; total: 392.";
2260433-108;https://dadosabertos.camara.leg.br/api/v2/votacoes/2260433-108;2020-12-07;2020-12-07T21:43:26;PLEN;https://dadosabertos.camara.leg.br/api/v2/orgaos/180;https://dadosabertos.camara.leg.br/api/v2/eventos/60179;;;"Rejeitada a Emenda n° 116. Sim:114; não: 307; total 421.";0.0
2260433-104;https://dadosabertos.camara.leg.br/api/v2/votacoes/2260433-104;2020-12-07;2020-12-07T21:24:32;PLEN;https://dadosabertos.camara.leg.br/api/v2/orgaos/180;https://dadosabertos.camara.leg.br/api/v2/eventos/60179;;;"Rejeitado o Requerimento. Sim: 2; não: 269; total: 271.";0.0
2260433-96;https://dadosabertos.camara.leg.br/api/v2/votacoes/2260433-96;2020-12-07;2020-12-07T21:02:39;PLEN;https://dadosabertos.camara.leg.br/api/v2/orgaos/180;https://dadosabertos.camara.leg.br/api/v2/eventos/60162;;;"Aprovada a Subemenda Substitutiva Global ao Projeto de Lei nº 4.199, de 2020, adotada pelo Relator da Comissão de Especial, ressalvados os destaques. Sim: 324; não: 114; abstenção: 1; total: 439.";1.0
2260433-92;https://dadosabertos.camara.leg.br/api/v2/votacoes/2260433-92;2020-12-07;2020-12-07T20:43:56;PLEN;https://dadosabertos.camara.leg.br/api/v2/orgaos/180;https://dadosabertos.camara.leg.br/api/v2/eventos/60162;;;"Rejeitada a admissibilidade dos destaques simples. Em consequência, ficam prejudicados os referidos destaques. Sim: 12; não: 266; total: 278.";0.0
2260433-87;https://dadosabertos.camara.leg.br/api/v2/votacoes/2260433-87;2020-12-07;2020-12-07T20:28:05;PLEN;https://dadosabertos.camara.leg.br/api/v2/orgaos/180;https://dadosabertos.camara.leg.br/api/v2/eventos/60162;;;"Aprovado o Requerimento. Sim: 269; não: 2; total: 271.";1.0
2260433-83;https://dadosabertos.camara.leg.br/api/v2/votacoes/2260433-83;2020-12-07;2020-12-07T20:11:49;PLEN;https://dadosabertos.camara.leg.br/api/v2/orgaos/180;https://dadosabertos.camara.leg.br/api/v2/eventos/60162;;;"Rejeitado o Requerimento. Sim: 5; não: 291; total: 296.";0.0
2260433-81;https://dadosabertos.camara.leg.br/api/v2/votacoes/2260433-81;2020-12-07;2020-12-07T19:44:09;PLEN;https://dadosabertos.camara.leg.br/api/v2/orgaos/180;https://dadosabertos.camara.leg.br/api/v2/eventos/60162;;;"Rejeitado o Requerimento. Sim: 3; não: 307; total: 310.";0.0
2260433-76;https://dadosabertos.camara.leg.br/api/v2/votacoes/2260433-76;2020-12-07;2020-12-07T19:21:14;PLEN;https://dadosabertos.camara.leg.br/api/v2/orgaos/180;https://dadosabertos.camara.leg.br/api/v2/eventos/60162;;;"Rejeitado o Requerimento. Sim: 5; não: 287; total: 292.";0.0
2260433-64;https://dadosabertos.camara.leg.br/api/v2/votacoes/2260433-64;2020-12-07;2020-12-07T17:31:33;PLEN;https://dadosabertos.camara.leg.br/api/v2/orgaos/180;https://dadosabertos.camara.leg.br/api/v2/eventos/60162;;;"Rejeitado o Requerimento. Sim: 6; não: 266; total: 272.";0.0
2260433-58;https://dadosabertos.camara.leg.br/api/v2/votacoes/2260433-58;2020-12-07;2020-12-07T17:09:43;PLEN;https://dadosabertos.camara.leg.br/api/v2/orgaos/180;https://dadosabertos.camara.leg.br/api/v2/eventos/60162;;;"Rejeitado o Requerimento. Sim: 3; não: 259; total: 262.";0.0
2260433-53;https://dadosabertos.camara.leg.br/api/v2/votacoes/2260433-53;2020-12-07;2020-12-07T16:17:51;PLEN;https://dadosabertos.camara.leg.br/api/v2/orgaos/180;https://dadosabertos.camara.leg.br/api/v2/eventos/60162;;;"Rejeitado o Requerimento. Sim: 5; não: 283; total: 288.";0.0
2260971-161;https://dadosabertos.camara.leg.br/api/v2/votacoes/2260971-161;2020-12-03;2020-12-03T19:52:20;PLEN;https://dadosabertos.camara.leg.br/api/v2/orgaos/180;https://dadosabertos.camara.leg.br/api/v2/eventos/60154;;;Aprovada a Redação Final assinada pelo Relator, Dep. Isnaldo Bulhões Jr. (MDB-AL).;1.0
2260971-159;https://dadosabertos.camara.leg.br/api/v2/votacoes/2260971-159;2020-12-03;2020-12-03T19:51:36;PLEN;https://dadosabertos.camara.leg.br/api/v2/orgaos/180;https://dadosabertos.camara.leg.br/api/v2/eventos/60154;;;Aprovada a Emenda de Redação nº 1.;1.0
2260971-157;https://dadosabertos.camara.leg.br/api/v2/votacoes/2260971-157;2020-12-03;2020-12-03T19:50:33;PLEN;https://dadosabertos.camara.leg.br/api/v2/orgaos/180;https://dadosabertos.camara.leg.br/api/v2/eventos/60154;;;Rejeitada a Emenda de Comissão nº 469.;0.0
2260971-149;https://dadosabertos.camara.leg.br/api/v2/votacoes/2260971-149;2020-12-03;2020-12-03T19:24:03;PLEN;https://dadosabertos.camara.leg.br/api/v2/orgaos/180;https://dadosabertos.camara.leg.br/api/v2/eventos/60154;;;"Rejeitada a Emenda de Comissão nº 150. Sim: 118; não: 285; abstenção: 1; total: 404.";0.0
2260971-146;https://dadosabertos.camara.leg.br/api/v2/votacoes/2260971-146;2020-12-03;2020-12-03T19:11:55;PLEN;https://dadosabertos.camara.leg.br/api/v2/orgaos/180;https://dadosabertos.camara.leg.br/api/v2/eventos/60154;;;"Mantido o texto. Sim: 229; não: 99; total: 328.";
2260971-137;https://dadosabertos.camara.leg.br/api/v2/votacoes/2260971-137;2020-12-03;2020-12-03T18:59:46;PLEN;https://dadosabertos.camara.leg.br/api/v2/orgaos/180;https://dadosabertos.camara.leg.br/api/v2/eventos/60154;;;Mantido o texto.;
2260971-134;https://dadosabertos.camara.leg.br/api/v2/votacoes/2260971-134;2020-12-03;2020-12-03T18:54:32;PLEN;https://dadosabertos.camara.leg.br/api/v2/orgaos/180;https://dadosabertos.camara.leg.br/api/v2/eventos/60154;;;"Mantido o texto. Sim: 280; não: 108; abstenção: 1; total: 389.";
2260971-130;https://dadosabertos.camara.leg.br/api/v2/votacoes/2260971-130;2020-12-03;2020-12-03T18:41:08;PLEN;https://dadosabertos.camara.leg.br/api/v2/orgaos/180;https://dadosabertos.camara.leg.br/api/v2/eventos/60154;;;"Rejeitada a Emenda de Comissão nº 50. Sim: 96; não: 222; total: 318.";0.0
2260971-122;https://dadosabertos.camara.leg.br/api/v2/votacoes/2260971-122;2020-12-03;2020-12-03T18:31:38;PLEN;https://dadosabertos.camara.leg.br/api/v2/orgaos/180;https://dadosabertos.camara.leg.br/api/v2/eventos/60154;;;"Mantido o texto. Sim: 291; não: 111; total: 402.";
2260971-117;https://dadosabertos.camara.leg.br/api/v2/votacoes/2260971-117;2020-12-03;2020-12-03T18:14:43;PLEN;https://dadosabertos.camara.leg.br/api/v2/orgaos/180;https://dadosabertos.camara.leg.br/api/v2/eventos/60154;;;"Rejeitada a Emenda de Comissão nº 137. Sim: 115; não: 242; abstenção: 1; total: 358.";0.0
2260971-110;https://dadosabertos.camara.leg.br/api/v2/votacoes/2260971-110;2020-12-03;2020-12-03T17:58:44;PLEN;https://dadosabertos.camara.leg.br/api/v2/orgaos/180;https://dadosabertos.camara.leg.br/api/v2/eventos/60154;;;"Rejeitada a Emenda de Comissão nº 408. Sim: 87; não: 220; abstenção: 1; total: 308.";0.0
2260971-103;https://dadosabertos.camara.leg.br/api/v2/votacoes/2260971-103;2020-12-03;2020-12-03T17:35:50;PLEN;https://dadosabertos.camara.leg.br/api/v2/orgaos/180;https://dadosabertos.camara.leg.br/api/v2/eventos/60154;;;"Mantido o texto. Sim: 224; não: 93; total: 317.";
2260971-101;https://dadosabertos.camara.leg.br/api/v2/votacoes/2260971-101;2020-12-03;2020-12-03T17:25:54;PLEN;https://dadosabertos.camara.leg.br/api/v2/orgaos/180;https://dadosabertos.camara.leg.br/api/v2/eventos/60154;;;Rejeitada a Emenda de Comissão nº 134.;0.0
2260971-98;https://dadosabertos.camara.leg.br/api/v2/votacoes/2260971-98;2020-12-03;2020-12-03T17:14:17;PLEN;https://dadosabertos.camara.leg.br/api/v2/orgaos/180;https://dadosabertos.camara.leg.br/api/v2/eventos/60154;;;"Rejeitada a Emenda de Comissão nº 27. Sim: 110; não: 242; abstenção: 1; total: 353.";0.0
2260971-89;https://dadosabertos.camara.leg.br/api/v2/votacoes/2260971-89;2020-12-03;2020-12-03T16:52:52;PLEN;https://dadosabertos.camara.leg.br/api/v2/orgaos/180;https://dadosabertos.camara.leg.br/api/v2/eventos/60154;;;"Aprovada a Subemenda Substitutiva oferecida ao Projeto de Lei de Conversão, ressalvados os destaques. Sim: 367; não: 7; abstenção: 1; total: 375.";1.0
2260971-85;https://dadosabertos.camara.leg.br/api/v2/votacoes/2260971-85;2020-12-03;2020-12-03T16:03:59;PLEN;https://dadosabertos.camara.leg.br/api/v2/orgaos/180;https://dadosabertos.camara.leg.br/api/v2/eventos/60154;;;"Rejeitada a admissibilidade dos destaques simples. Em consequência, ficam prejudicados os referidos destaques. Sim: 9; não: 266; total: 275.";0.0
2260971-83;https://dadosabertos.camara.leg.br/api/v2/votacoes/2260971-83;2020-12-03;2020-12-03T15:46:02;PLEN;https://dadosabertos.camara.leg.br/api/v2/orgaos/180;https://dadosabertos.camara.leg.br/api/v2/eventos/60154;;;"Aprovado o Requerimento. Sim: 291; não: 1; total: 292.";1.0
2260971-76;https://dadosabertos.camara.leg.br/api/v2/votacoes/2260971-76;2020-12-03;2020-12-03T15:27:56;PLEN;https://dadosabertos.camara.leg.br/api/v2/orgaos/180;https://dadosabertos.camara.leg.br/api/v2/eventos/60154;;;Aprovado, em apreciação preliminar, o Parecer da Comissão Mista, na parte em que manifesta opinião pelo não atendimento dos pressupostos constitucionais de relevância e urgência e pela inadequação financeira e orçamentária, nos termos do artigo 8º da Resolução nº 01, de 2002-CN.;1.0
2260971-74;https://dadosabertos.camara.leg.br/api/v2/votacoes/2260971-74;2020-12-03;2020-12-03T15:22:45;PLEN;https://dadosabertos.camara.leg.br/api/v2/orgaos/180;https://dadosabertos.camara.leg.br/api/v2/eventos/60154;;;"Aprovado, em apreciação preliminar, o Parecer da Comissão Mista, na parte em que manifesta opinião favorável quanto ao atendimento dos pressupostos constitucionais de relevância e urgência e à adequação financeira e orçamentária, nos termos do artigo 8º da Resolução nº 01, de 2002-CN. Sim: 292; não: 4; abstenção: 2; total: 298.";1.0
2260971-69;https://dadosabertos.camara.leg.br/api/v2/votacoes/2260971-69;2020-12-03;2020-12-03T15:00:13;PLEN;https://dadosabertos.camara.leg.br/api/v2/orgaos/180;https://dadosabertos.camara.leg.br/api/v2/eventos/60154;;;"Rejeitado o Requerimento. Sim: 2; não: 269; total: 271.";0.0
2260971-64;https://dadosabertos.camara.leg.br/api/v2/votacoes/2260971-64;2020-12-03;2020-12-03T14:40:05;PLEN;https://dadosabertos.camara.leg.br/api/v2/orgaos/180;https://dadosabertos.camara.leg.br/api/v2/eventos/60154;;;"Rejeitado o Requerimento. Sim: 1: não: 290; total: 291.";0.0
2260971-62;https://dadosabertos.camara.leg.br/api/v2/votacoes/2260971-62;2020-12-03;2020-12-03T14:24:59;PLEN;https://dadosabertos.camara.leg.br/api/v2/orgaos/180;https://dadosabertos.camara.leg.br/api/v2/eventos/60154;;;"Rejeitado o Requerimento. Sim: 3; não: 269; abstenção: 1; total: 273.";0.0
2260971-60;https://dadosabertos.camara.leg.br/api/v2/votacoes/2260971-60;2020-12-03;2020-12-03T13:49:51;PLEN;https://dadosabertos.camara.leg.br/api/v2/orgaos/180;https://dadosabertos.camara.leg.br/api/v2/eventos/60154;;;"Rejeitado o Requerimento. Sim: 3; não: 328; total: 331.";0.0
2260971-43;https://dadosabertos.camara.leg.br/api/v2/votacoes/2260971-43;2020-12-03;2020-12-03T12:14:14;PLEN;https://dadosabertos.camara.leg.br/api/v2/orgaos/180;https://dadosabertos.camara.leg.br/api/v2/eventos/60154;;;"Rejeitado o Requerimento. Sim: 2; não: 255; abstenção: 1; total: 258.";0.0
2260971-38;https://dadosabertos.camara.leg.br/api/v2/votacoes/2260971-38;2020-12-03;2020-12-03T11:45:52;PLEN;https://dadosabertos.camara.leg.br/api/v2/orgaos/180;https://dadosabertos.camara.leg.br/api/v2/eventos/60154;;;"Rejeitado o Requerimento. Sim: 4; não: 308; total: 312.";0.0
2260971-30;https://dadosabertos.camara.leg.br/api/v2/votacoes/2260971-30;2020-12-03;2020-12-03T10:55:44;PLEN;https://dadosabertos.camara.leg.br/api/v2/orgaos/180;https://dadosabertos.camara.leg.br/api/v2/eventos/60154;;;"Rejeitado o Requerimento. Sim: 6; não: 280; total: 286.";0.0
2259711-43;https://dadosabertos.camara.leg.br/api/v2/votacoes/2259711-43;2020-12-02;2020-12-02T17:06:01;PLEN;https://dadosabertos.camara.leg.br/api/v2/orgaos/180;https://dadosabertos.camara.leg.br/api/v2/eventos/60118;;;Aprovada a Redação Final assinada pela Relatora, Dep. Mariana Carvalho (PSDB-RO).;1.0
2259711-41;https://dadosabertos.camara.leg.br/api/v2/votacoes/2259711-41;2020-12-02;2020-12-02T17:04:59;PLEN;https://dadosabertos.camara.leg.br/api/v2/orgaos/180;https://dadosabertos.camara.leg.br/api/v2/eventos/60118;;;Aprovada a Medida Provisória nº 994, de 2020.;1.0
2259711-39;https://dadosabertos.camara.leg.br/api/v2/votacoes/2259711-39;2020-12-02;2020-12-02T16:51:17;PLEN;https://dadosabertos.camara.leg.br/api/v2/orgaos/180;https://dadosabertos.camara.leg.br/api/v2/eventos/60118;;;Aprovado, em apreciação preliminar, o Parecer da Comissão Mista de Planos, Orçamentos Públicos e Fiscalização, na parte em que manifesta opinião pelo não atendimento dos pressupostos constitucionais de relevância e urgência e pela inadequação financeira e orçamentária, nos termos do artigo 8º da Resolução nº 01, de 2002-CN.;1.0
2259711-38;https://dadosabertos.camara.leg.br/api/v2/votacoes/2259711-38;2020-12-02;2020-12-02T16:42:44;PLEN;https://dadosabertos.camara.leg.br/api/v2/orgaos/180;https://dadosabertos.camara.leg.br/api/v2/eventos/60118;;;Aprovado, em apreciação preliminar, o Parecer da Comissão Mista de Planos, Orçamentos Públicos e Fiscalização, na parte em que manifesta opinião favorável quanto ao atendimento dos pressupostos constitucionais de relevância, urgência e imprevisibilidade das despesas e de sua adequação financeira e orçamentária, nos termos do artigo 8º da Resolução nº 1, de 2002-CN.;1.0
